id,email
1,wjovovic0@opera.com
2,divshin1@wix.com
3,nnowick2@friendfeed.com
4,cocrowley3@360.cn
5,rfellgate4@hexun.com
6,jbewley5@comsenz.com
7,agossage6@narod.ru
8,hiacobini7@springer.com
9,jhewson8@meetup.com
10,gbradly9@princeton.edu
11,etaintona@smh.com.au
12,jgarshoreb@epa.gov
13,abeausangc@cnbc.com
14,rdevinnd@yandex.ru
15,dchaffe@cnn.com
16,mtalletf@dropbox.com
17,smerweg@creativecommons.org
18,mcastellinih@hugedomains.com
19,jmcgilvaryi@abc.net.au
20,gcuppleditchj@delicious.com
21,smarrk@163.com
22,lreddingtonl@xrea.com
23,amaclicem@youtube.com
24,lcattlown@sitemeter.com
25,lfriddo@merriam-webster.com
26,eblatherwickp@google.de
27,gbeneq@yale.edu
28,cwhiteleyr@unesco.org
29,rjacsons@ameblo.jp
30,ekrzysztofiakt@163.com
31,dwallbridgeu@tripadvisor.com
32,mdowlev@vistaprint.com
33,kspatigw@microsoft.com
34,rkleinermanx@slate.com
35,amatuskiewiczy@state.tx.us
36,scoxonz@buzzfeed.com
37,squarles10@blog.com
38,dancell11@berkeley.edu
39,jkillgus12@virginia.edu
40,kcreswell13@canalblog.com
41,jshardlow14@jimdo.com
42,pberget15@webmd.com
43,wcockram16@statcounter.com
44,kcolam17@google.cn
45,keseler18@behance.net
46,shollingdale19@alexa.com
47,echrister1a@php.net
48,hfields1b@goo.gl
49,fjanata1c@elpais.com
50,nbizley1d@meetup.com
